{
  "boosting_type": "gbdt",
  "objective": "huber",
  "metric": "mae",
  "n_estimators": 2000,
  "bagging_freq": 1,
  "max_depth": 4,
  "verbose": -1,
  "seed": 42,
  "deterministic": true,
  "huber_delta": 1.4960593800536206,
  "num_leaves": 9,
  "min_child_samples": 97,
  "learning_rate": 0.03773232164348443,
  "reg_alpha": 0.17805903995483505,
  "reg_lambda": 0.8566638617200449,
  "feature_fraction": 0.7996838985925125,
  "bagging_fraction": 0.8140824527811766
}